visittype,form_id,form_name,form_desc,form_type,show_intake,cat_id,cat_name,cat_description,cat_level,parent_id,cat_ord,cat_sibling_ord,cat_loinc_code,num_signatures,pgbreak,cat_snomed_cid,cat_ancestor_id,question_id,q_ord,q_format,question_text,can_be_hidden,is_hidden,is_required,is_formrequired,loinc_code,q_external_id,q_snomed_cid,is_goldenthread,include_in_summary,is_print_label,client_field,control_alignment,is_line_break,label_x,control_x,after_spacing,after_line,is_label_bold,label_large,question_validation,start_range,end_range,max_len,field_len,default_answer,multi_line,line_spacing,calc,calc_formula,is_lookup,lookup_table,lookup_where,lookup_id,lookup_desc,lookup_sql,q_is_notificationtrigger,hl7_mapping,q_units,q_ancestor_id,answer_id,a_ord,answer,answer_text_long,a_external_id,a_loinc_code,a_snomed_cid,is_notes,is_default,a_is_notificationtrigger,can_add_visit_types,add_visit_types,show_question_ids,weight,a_units,hl7_code,a_ancestor_id,form_ver_id
,1438,* 2026 Crisis Plan,,0,FALSE,70394,* 2026 Crisis Plan,,0,,1,1,,,FALSE,,70379,,,,,,,0,,,,,,,,,,,,,,,,,,,,,,,,,,,,,,,,,,,,,,,,,,,,,,,,,,,,,,6864
,1438,* 2026 Crisis Plan,,0,FALSE,70395,* 2026 Crisis Plan,entry point/start button label,1,70394,2,1,,,FALSE,,70380,,,,,,,0,,,,,,,,,,,,,,,,,,,,,,,,,,,,,,,,,,,,,,,,,,,,,,,,,,,,,,6864
,1438,* 2026 Crisis Plan,,0,FALSE,70396,* 2026 Crisis Plan,Emotional Fire Safety Plan,2,70395,3,1,,0,FALSE,,70381,615321,1,LBL,<b>NowMattersNow.org Emotional Fire Safety Plan</b> <br>Select those that fit you  cross out those that don’t  add your own. Based on research  and advice from those who’ve been there.  For <a href='https://bit.ly/NMN_SafetyPlan_Guide'  target='_blank'>Guide</a>  visit nowmattersnow.org/get-involved. Free for personal or org use. Last update 2024.05.13. 2019 Ursula Whiteside ,FALSE,FALSE,0,FALSE,,,,FALSE,FALSE,TRUE,,R,FALSE,1,7,0,FALSE,FALSE,FALSE,,,,,,,,,,,FALSE,,,,,,FALSE,,,615170,,,,,,,,,,,,,,,,,,6864
,1438,* 2026 Crisis Plan,,0,FALSE,70396,* 2026 Crisis Plan,Emotional Fire Safety Plan,2,70395,3,1,,0,FALSE,,70381,615322,2,CB,This plan helps me stay well and know what to do if things get hard. I will use this for:,FALSE,FALSE,1,TRUE,,,,FALSE,FALSE,FALSE,,L,TRUE,1,15,0,FALSE,TRUE,FALSE,,,,,,,,,,,FALSE,,,,,,FALSE,,,615237,1138978,1,Staying well day-to-day (general prevention),,,,,FALSE,FALSE,FALSE,FALSE,,,,,,1138827,6864
,1438,* 2026 Crisis Plan,,0,FALSE,70396,* 2026 Crisis Plan,Emotional Fire Safety Plan,2,70395,3,1,,0,FALSE,,70381,615322,2,CB,This plan helps me stay well and know what to do if things get hard. I will use this for:,FALSE,FALSE,1,TRUE,,,,FALSE,FALSE,FALSE,,L,TRUE,1,15,0,FALSE,TRUE,FALSE,,,,,,,,,,,FALSE,,,,,,FALSE,,,615237,1138979,2,Thoughts or urges to end my life,,,,,FALSE,FALSE,FALSE,FALSE,,,,,,1138828,6864
,1438,* 2026 Crisis Plan,,0,FALSE,70396,* 2026 Crisis Plan,Emotional Fire Safety Plan,2,70395,3,1,,0,FALSE,,70381,615322,2,CB,This plan helps me stay well and know what to do if things get hard. I will use this for:,FALSE,FALSE,1,TRUE,,,,FALSE,FALSE,FALSE,,L,TRUE,1,15,0,FALSE,TRUE,FALSE,,,,,,,,,,,FALSE,,,,,,FALSE,,,615237,1138976,3,Thoughts or urges to hurt myself,,,,,FALSE,FALSE,FALSE,FALSE,,,,,,1138825,6864
,1438,* 2026 Crisis Plan,,0,FALSE,70396,* 2026 Crisis Plan,Emotional Fire Safety Plan,2,70395,3,1,,0,FALSE,,70381,615322,2,CB,This plan helps me stay well and know what to do if things get hard. I will use this for:,FALSE,FALSE,1,TRUE,,,,FALSE,FALSE,FALSE,,L,TRUE,1,15,0,FALSE,TRUE,FALSE,,,,,,,,,,,FALSE,,,,,,FALSE,,,615237,1138977,4,Thoughts or urges to hurt others,,,,,FALSE,FALSE,FALSE,FALSE,,,,,,1138826,6864
,1438,* 2026 Crisis Plan,,0,FALSE,70396,* 2026 Crisis Plan,Emotional Fire Safety Plan,2,70395,3,1,,0,FALSE,,70381,615322,2,CB,This plan helps me stay well and know what to do if things get hard. I will use this for:,FALSE,FALSE,1,TRUE,,,,FALSE,FALSE,FALSE,,L,TRUE,1,15,0,FALSE,TRUE,FALSE,,,,,,,,,,,FALSE,,,,,,FALSE,,,615237,1138975,5,Thoughts or urges to use drugs and/or alcohol,,,,,FALSE,FALSE,FALSE,FALSE,,,,,,1138824,6864
,1438,* 2026 Crisis Plan,,0,FALSE,70396,* 2026 Crisis Plan,Emotional Fire Safety Plan,2,70395,3,1,,0,FALSE,,70381,615323,3,LBL,<span class='re fullw'>ON FIRE: STOP  DROP & ROLL </span>,FALSE,FALSE,0,FALSE,,,,FALSE,FALSE,TRUE,,R,FALSE,0,7,0,FALSE,TRUE,FALSE,,,,,,,,,,,FALSE,,,,,,FALSE,,,615171,,,,,,,,,,,,,,,,,,6864
,1438,* 2026 Crisis Plan,,0,FALSE,70396,* 2026 Crisis Plan,Emotional Fire Safety Plan,2,70395,3,1,,0,FALSE,,70381,615324,4,CB,Direct advice for overwhelming urges (review each),FALSE,FALSE,1,TRUE,,,,FALSE,FALSE,FALSE,,L,TRUE,1,15,0,FALSE,TRUE,FALSE,,,,,,,,,,,FALSE,,,,,,FALSE,,,615172,1138981,1,<b>Stop: No Important Decisions</b><br> Especially deciding to die. Do not panic. Ignore thoughts that you don't care if you die. Stop drugs and alcohol.<br>Physically step away from things that are a risk to you.,,,,,FALSE,FALSE,FALSE,FALSE,,,,,,1138830,6864
,1438,* 2026 Crisis Plan,,0,FALSE,70396,* 2026 Crisis Plan,Emotional Fire Safety Plan,2,70395,3,1,,0,FALSE,,70381,615324,4,CB,Direct advice for overwhelming urges (review each),FALSE,FALSE,1,TRUE,,,,FALSE,FALSE,FALSE,,L,TRUE,1,15,0,FALSE,TRUE,FALSE,,,,,,,,,,,FALSE,,,,,,FALSE,,,615172,1138980,2,<b>Drop: Shut It Down</b> <br>Sleep (no overdosing). Can't sleep? Cold shower or face in ice-water (30 seconds and repeat). This is a reset button. It slows everything way down.,,,,,FALSE,FALSE,FALSE,FALSE,,,,,,1138829,6864
,1438,* 2026 Crisis Plan,,0,FALSE,70396,* 2026 Crisis Plan,Emotional Fire Safety Plan,2,70395,3,1,,0,FALSE,,70381,615324,4,CB,Direct advice for overwhelming urges (review each),FALSE,FALSE,1,TRUE,,,,FALSE,FALSE,FALSE,,L,TRUE,1,15,0,FALSE,TRUE,FALSE,,,,,,,,,,,FALSE,,,,,,FALSE,,,615172,1139049,3,<b>Roll: Find strong distractions.</b> <br>Make Eye Contact if comfortable (a difficult but powerful pain reliever). Look in their eyes and say 'Can you help me get out of my head?'. Try video chat. Keep trying until you find someone. ,,,,,FALSE,FALSE,FALSE,FALSE,,,,,,1139049,6864
,1438,* 2026 Crisis Plan,,0,FALSE,70396,* 2026 Crisis Plan,Emotional Fire Safety Plan,2,70395,3,1,,0,FALSE,,70381,615325,5,CB,Nearest Crisis & Emergency Services,FALSE,FALSE,0,FALSE,,,,FALSE,FALSE,FALSE,,L,TRUE,1,15,0,FALSE,TRUE,FALSE,,,,,,,,,,,FALSE,,,,,,FALSE,,,615176,1138983,1,CHBS Crisis Stabilization | 1002 Oswego Street  Utica | 315-520-7802,,,,,FALSE,TRUE,FALSE,FALSE,,,,,,1138693,6864
,1438,* 2026 Crisis Plan,,0,FALSE,70396,* 2026 Crisis Plan,Emotional Fire Safety Plan,2,70395,3,1,,0,FALSE,,70381,615325,5,CB,Nearest Crisis & Emergency Services,FALSE,FALSE,0,FALSE,,,,FALSE,FALSE,FALSE,,L,TRUE,1,15,0,FALSE,TRUE,FALSE,,,,,,,,,,,FALSE,,,,,,FALSE,,,615176,1138984,2,Wynn ER | 111 Hospital Drive  Utica | 315-917-9966,,,,,FALSE,FALSE,FALSE,FALSE,,,,,,1138694,6864
,1438,* 2026 Crisis Plan,,0,FALSE,70396,* 2026 Crisis Plan,Emotional Fire Safety Plan,2,70395,3,1,,0,FALSE,,70381,615325,5,CB,Nearest Crisis & Emergency Services,FALSE,FALSE,0,FALSE,,,,FALSE,FALSE,FALSE,,L,TRUE,1,15,0,FALSE,TRUE,FALSE,,,,,,,,,,,FALSE,,,,,,FALSE,,,615176,1138985,3,Rome ER | 1500 N James St  Rome | 315-338-7000,,,,,FALSE,FALSE,FALSE,FALSE,,,,,,1138695,6864
,1438,* 2026 Crisis Plan,,0,FALSE,70396,* 2026 Crisis Plan,Emotional Fire Safety Plan,2,70395,3,1,,0,FALSE,,70381,615325,5,CB,Nearest Crisis & Emergency Services,FALSE,FALSE,0,FALSE,,,,FALSE,FALSE,FALSE,,L,TRUE,1,15,0,FALSE,TRUE,FALSE,,,,,,,,,,,FALSE,,,,,,FALSE,,,615176,1138986,4,Oneida ER | 321 Genesee St  Oneida | 315-361-2024,,,,,FALSE,TRUE,FALSE,FALSE,,,,,,1138696,6864
,1438,* 2026 Crisis Plan,,0,FALSE,70396,* 2026 Crisis Plan,Emotional Fire Safety Plan,2,70395,3,1,,0,FALSE,,70381,615325,5,CB,Nearest Crisis & Emergency Services,FALSE,FALSE,0,FALSE,,,,FALSE,FALSE,FALSE,,L,TRUE,1,15,0,FALSE,TRUE,FALSE,,,,,,,,,,,FALSE,,,,,,FALSE,,,615176,1138987,5,Other,,,,,TRUE,FALSE,FALSE,,,,,,,1138697,6864
,1438,* 2026 Crisis Plan,,0,FALSE,70396,* 2026 Crisis Plan,Emotional Fire Safety Plan,2,70395,3,1,,0,FALSE,,70381,615327,6,LBL,My Mental Health Providers,FALSE,FALSE,0,FALSE,,,,FALSE,FALSE,TRUE,,R,FALSE,1,7,0,FALSE,TRUE,FALSE,,,,,,,,,,,FALSE,,,,,,FALSE,,,615177,,,,,,,,,,,,,,,,,,6864
,1438,* 2026 Crisis Plan,,0,FALSE,70396,* 2026 Crisis Plan,Emotional Fire Safety Plan,2,70395,3,1,,0,FALSE,,70381,615357,7,TXT,Provider Name & Agency & Phone (1),FALSE,FALSE,0,FALSE,,,,FALSE,FALSE,FALSE,,R,FALSE,15,85,0,FALSE,FALSE,FALSE,TXT,,,55,140,,,,,,FALSE,,,,,,FALSE,,,615357,,,,,,,,,,,,,,,,,,6864
,1438,* 2026 Crisis Plan,,0,FALSE,70396,* 2026 Crisis Plan,Emotional Fire Safety Plan,2,70395,3,1,,0,FALSE,,70381,615326,8,TXT,Provider Name & Agency & Phone (2),FALSE,FALSE,0,FALSE,,,,FALSE,FALSE,FALSE,,R,FALSE,15,85,0,FALSE,FALSE,FALSE,TXT,,,55,140,,,,,,FALSE,,,,,,FALSE,,,615266,,,,,,,,,,,,,,,,,,6864
,1438,* 2026 Crisis Plan,,0,FALSE,70396,* 2026 Crisis Plan,Emotional Fire Safety Plan,2,70395,3,1,,0,FALSE,,70381,615328,9,TXT,Notes for my <br>ON FIRE moments,FALSE,FALSE,0,FALSE,,,,FALSE,FALSE,FALSE,,R,FALSE,1,25,0,FALSE,TRUE,FALSE,TXT,,,500,140,,2,,,,FALSE,,,,,,FALSE,,,615178,,,,,,,,,,,,,,,,,,6864
,1438,* 2026 Crisis Plan,,0,FALSE,70396,* 2026 Crisis Plan,Emotional Fire Safety Plan,2,70395,3,1,,0,FALSE,,70381,615329,10,LBL,<span class='ye fullw'>IN A FIRE </span>,FALSE,FALSE,0,FALSE,,,,FALSE,FALSE,TRUE,,R,FALSE,0,7,0,FALSE,TRUE,FALSE,,,,,,,,,,,FALSE,,,,,,FALSE,,,615179,,,,,,,,,,,,,,,,,,6864
,1438,* 2026 Crisis Plan,,0,FALSE,70396,* 2026 Crisis Plan,Emotional Fire Safety Plan,2,70395,3,1,,0,FALSE,,70381,615330,11,CB,<b>Things I Know How To Do for Overwhelming Thoughts and Urges</b> (be <u>specific</u>  and practice outside of crisis situations),FALSE,FALSE,0,FALSE,,,,FALSE,FALSE,FALSE,,L,TRUE,1,15,0,FALSE,FALSE,FALSE,,,,,,,,,,,FALSE,,,,,,FALSE,,,615180,1138988,1,Visit NowMattersNow.org (guided strategies),,,,,FALSE,FALSE,FALSE,,,,,,,1138699,6864
,1438,* 2026 Crisis Plan,,0,FALSE,70396,* 2026 Crisis Plan,Emotional Fire Safety Plan,2,70395,3,1,,0,FALSE,,70381,615330,11,CB,<b>Things I Know How To Do for Overwhelming Thoughts and Urges</b> (be <u>specific</u>  and practice outside of crisis situations),FALSE,FALSE,0,FALSE,,,,FALSE,FALSE,FALSE,,L,TRUE,1,15,0,FALSE,FALSE,FALSE,,,,,,,,,,,FALSE,,,,,,FALSE,,,615180,1138989,2,Ice-Water and Paced Breathing (exhale longer),,,,,FALSE,FALSE,FALSE,,,,,,,1138700,6864
,1438,* 2026 Crisis Plan,,0,FALSE,70396,* 2026 Crisis Plan,Emotional Fire Safety Plan,2,70395,3,1,,0,FALSE,,70381,615330,11,CB,<b>Things I Know How To Do for Overwhelming Thoughts and Urges</b> (be <u>specific</u>  and practice outside of crisis situations),FALSE,FALSE,0,FALSE,,,,FALSE,FALSE,FALSE,,L,TRUE,1,15,0,FALSE,FALSE,FALSE,,,,,,,,,,,FALSE,,,,,,FALSE,,,615180,1138990,3,Call/Text Crisis Line or A-Team (see below),,,,,FALSE,FALSE,FALSE,,,,,,,1138701,6864
,1438,* 2026 Crisis Plan,,0,FALSE,70396,* 2026 Crisis Plan,Emotional Fire Safety Plan,2,70395,3,1,,0,FALSE,,70381,615330,11,CB,<b>Things I Know How To Do for Overwhelming Thoughts and Urges</b> (be <u>specific</u>  and practice outside of crisis situations),FALSE,FALSE,0,FALSE,,,,FALSE,FALSE,FALSE,,L,TRUE,1,15,0,FALSE,FALSE,FALSE,,,,,,,,,,,FALSE,,,,,,FALSE,,,615180,1138993,4,Opposite Action (act exactly opposite to an urge),,,,,FALSE,FALSE,FALSE,,,,,,,1138704,6864
,1438,* 2026 Crisis Plan,,0,FALSE,70396,* 2026 Crisis Plan,Emotional Fire Safety Plan,2,70395,3,1,,0,FALSE,,70381,615330,11,CB,<b>Things I Know How To Do for Overwhelming Thoughts and Urges</b> (be <u>specific</u>  and practice outside of crisis situations),FALSE,FALSE,0,FALSE,,,,FALSE,FALSE,FALSE,,L,TRUE,1,15,0,FALSE,FALSE,FALSE,,,,,,,,,,,FALSE,,,,,,FALSE,,,615180,1138991,5,Mindfulness (choose what to pay attention to),,,,,FALSE,FALSE,FALSE,,,,,,,1138702,6864
,1438,* 2026 Crisis Plan,,0,FALSE,70396,* 2026 Crisis Plan,Emotional Fire Safety Plan,2,70395,3,1,,0,FALSE,,70381,615330,11,CB,<b>Things I Know How To Do for Overwhelming Thoughts and Urges</b> (be <u>specific</u>  and practice outside of crisis situations),FALSE,FALSE,0,FALSE,,,,FALSE,FALSE,FALSE,,L,TRUE,1,15,0,FALSE,FALSE,FALSE,,,,,,,,,,,FALSE,,,,,,FALSE,,,615180,1138992,6,Mindfulness of Current Emotion (feel emotions in body),,,,,FALSE,FALSE,FALSE,,,,,,,1138703,6864
,1438,* 2026 Crisis Plan,,0,FALSE,70396,* 2026 Crisis Plan,Emotional Fire Safety Plan,2,70395,3,1,,0,FALSE,,70381,615330,11,CB,<b>Things I Know How To Do for Overwhelming Thoughts and Urges</b> (be <u>specific</u>  and practice outside of crisis situations),FALSE,FALSE,0,FALSE,,,,FALSE,FALSE,FALSE,,L,TRUE,1,15,0,FALSE,FALSE,FALSE,,,,,,,,,,,FALSE,,,,,,FALSE,,,615180,1138994,7,Notice thoughts  but don't get in bed with them.,,,,,FALSE,FALSE,FALSE,,,,,,,1138705,6864
,1438,* 2026 Crisis Plan,,0,FALSE,70396,* 2026 Crisis Plan,Emotional Fire Safety Plan,2,70395,3,1,,0,FALSE,,70381,615330,11,CB,<b>Things I Know How To Do for Overwhelming Thoughts and Urges</b> (be <u>specific</u>  and practice outside of crisis situations),FALSE,FALSE,0,FALSE,,,,FALSE,FALSE,FALSE,,L,TRUE,1,15,0,FALSE,FALSE,FALSE,,,,,,,,,,,FALSE,,,,,,FALSE,,,615180,1138995,8,Something Else / Notes,,,,,FALSE,FALSE,FALSE,FALSE,,615358,,,,1138706,6864
,1438,* 2026 Crisis Plan,,0,FALSE,70396,* 2026 Crisis Plan,Emotional Fire Safety Plan,2,70395,3,1,,0,FALSE,,70381,615358,12,TXT,Something Else / Notes <br>(Things to Do),TRUE,TRUE,0,FALSE,,,,FALSE,FALSE,FALSE,,R,FALSE,1,50,0,FALSE,FALSE,FALSE,TXT,,,500,100,,2,,,,FALSE,,,,,,FALSE,,,615358,,,,,,,,,,,,,,,,,,6864
,1438,* 2026 Crisis Plan,,0,FALSE,70396,* 2026 Crisis Plan,Emotional Fire Safety Plan,2,70395,3,1,,0,FALSE,,70381,615331,13,CB,I can say/think to myself:,FALSE,FALSE,0,FALSE,,,,FALSE,FALSE,FALSE,,L,TRUE,1,15,0,FALSE,TRUE,FALSE,,,,,,,,,,,FALSE,,,,,,FALSE,,,615181,1138996,1,'It makes sense I'm stressed and/or in pain',,,,,FALSE,FALSE,FALSE,,,,,,,1138707,6864
,1438,* 2026 Crisis Plan,,0,FALSE,70396,* 2026 Crisis Plan,Emotional Fire Safety Plan,2,70395,3,1,,0,FALSE,,70381,615331,13,CB,I can say/think to myself:,FALSE,FALSE,0,FALSE,,,,FALSE,FALSE,FALSE,,L,TRUE,1,15,0,FALSE,TRUE,FALSE,,,,,,,,,,,FALSE,,,,,,FALSE,,,615181,1138997,2,'There are things I can do to manage this moment',,,,,FALSE,FALSE,FALSE,,,,,,,1138708,6864
,1438,* 2026 Crisis Plan,,0,FALSE,70396,* 2026 Crisis Plan,Emotional Fire Safety Plan,2,70395,3,1,,0,FALSE,,70381,615331,13,CB,I can say/think to myself:,FALSE,FALSE,0,FALSE,,,,FALSE,FALSE,FALSE,,L,TRUE,1,15,0,FALSE,TRUE,FALSE,,,,,,,,,,,FALSE,,,,,,FALSE,,,615181,1138998,3,'I want out of this feeling - not out of my life',,,,,FALSE,FALSE,FALSE,FALSE,,,,,,1138709,6864
,1438,* 2026 Crisis Plan,,0,FALSE,70396,* 2026 Crisis Plan,Emotional Fire Safety Plan,2,70395,3,1,,0,FALSE,,70381,615331,13,CB,I can say/think to myself:,FALSE,FALSE,0,FALSE,,,,FALSE,FALSE,FALSE,,L,TRUE,1,15,0,FALSE,TRUE,FALSE,,,,,,,,,,,FALSE,,,,,,FALSE,,,615181,1138999,4,Something Else / Notes,,,,,FALSE,FALSE,FALSE,FALSE,,615359,,,,1138710,6864
,1438,* 2026 Crisis Plan,,0,FALSE,70396,* 2026 Crisis Plan,Emotional Fire Safety Plan,2,70395,3,1,,0,FALSE,,70381,615359,14,TXT,Something Else / Notes <br>(Say/Think),TRUE,TRUE,0,FALSE,,,,FALSE,FALSE,FALSE,,R,FALSE,1,50,0,FALSE,FALSE,FALSE,TXT,,,500,100,,2,,,,FALSE,,,,,,FALSE,,,615359,,,,,,,,,,,,,,,,,,6864
,1438,* 2026 Crisis Plan,,0,FALSE,70396,* 2026 Crisis Plan,Emotional Fire Safety Plan,2,70395,3,1,,0,FALSE,,70381,615332,15,CB,<b>My Crisis Resources</b> (put contacts in phone and practice calling/texting),FALSE,FALSE,0,FALSE,,,,FALSE,FALSE,FALSE,,L,TRUE,1,15,0,FALSE,FALSE,FALSE,,,,,,,,,,,FALSE,,,,,,FALSE,,,615182,1139006,1,S.T.A.R. Mobile Crisis 315-624-7575 or 877-624-7575,,,,,FALSE,FALSE,FALSE,FALSE,,,,,,1138717,6864
,1438,* 2026 Crisis Plan,,0,FALSE,70396,* 2026 Crisis Plan,Emotional Fire Safety Plan,2,70395,3,1,,0,FALSE,,70381,615332,15,CB,<b>My Crisis Resources</b> (put contacts in phone and practice calling/texting),FALSE,FALSE,0,FALSE,,,,FALSE,FALSE,FALSE,,L,TRUE,1,15,0,FALSE,FALSE,FALSE,,,,,,,,,,,FALSE,,,,,,FALSE,,,615182,1139009,2,MCAT (Outside Oneida County) 315-732-6228 or 844-732-6228,,,,,FALSE,FALSE,FALSE,FALSE,,,,,,1138832,6864
,1438,* 2026 Crisis Plan,,0,FALSE,70396,* 2026 Crisis Plan,Emotional Fire Safety Plan,2,70395,3,1,,0,FALSE,,70381,615332,15,CB,<b>My Crisis Resources</b> (put contacts in phone and practice calling/texting),FALSE,FALSE,0,FALSE,,,,FALSE,FALSE,FALSE,,L,TRUE,1,15,0,FALSE,FALSE,FALSE,,,,,,,,,,,FALSE,,,,,,FALSE,,,615182,1139000,3,988 Suicide & Crisis Lifeline (call or text),,,,,FALSE,FALSE,FALSE,,,,,,,1138711,6864
,1438,* 2026 Crisis Plan,,0,FALSE,70396,* 2026 Crisis Plan,Emotional Fire Safety Plan,2,70395,3,1,,0,FALSE,,70381,615332,15,CB,<b>My Crisis Resources</b> (put contacts in phone and practice calling/texting),FALSE,FALSE,0,FALSE,,,,FALSE,FALSE,FALSE,,L,TRUE,1,15,0,FALSE,FALSE,FALSE,,,,,,,,,,,FALSE,,,,,,FALSE,,,615182,1139001,4,Crisis Text Line 741741 'Help',,,,,FALSE,FALSE,FALSE,,,,,,,1138712,6864
,1438,* 2026 Crisis Plan,,0,FALSE,70396,* 2026 Crisis Plan,Emotional Fire Safety Plan,2,70395,3,1,,0,FALSE,,70381,615332,15,CB,<b>My Crisis Resources</b> (put contacts in phone and practice calling/texting),FALSE,FALSE,0,FALSE,,,,FALSE,FALSE,FALSE,,L,TRUE,1,15,0,FALSE,FALSE,FALSE,,,,,,,,,,,FALSE,,,,,,FALSE,,,615182,1139008,5,Call/Text A-Team (see below),,,,,FALSE,FALSE,FALSE,,,,,,,1138719,6864
,1438,* 2026 Crisis Plan,,0,FALSE,70396,* 2026 Crisis Plan,Emotional Fire Safety Plan,2,70395,3,1,,0,FALSE,,70381,615332,15,CB,<b>My Crisis Resources</b> (put contacts in phone and practice calling/texting),FALSE,FALSE,0,FALSE,,,,FALSE,FALSE,FALSE,,L,TRUE,1,15,0,FALSE,FALSE,FALSE,,,,,,,,,,,FALSE,,,,,,FALSE,,,615182,1139002,6,Safety Plan app (US Dep of Vet Affairs),,,,,FALSE,FALSE,FALSE,,,,,,,1138713,6864
,1438,* 2026 Crisis Plan,,0,FALSE,70396,* 2026 Crisis Plan,Emotional Fire Safety Plan,2,70395,3,1,,0,FALSE,,70381,615332,15,CB,<b>My Crisis Resources</b> (put contacts in phone and practice calling/texting),FALSE,FALSE,0,FALSE,,,,FALSE,FALSE,FALSE,,L,TRUE,1,15,0,FALSE,FALSE,FALSE,,,,,,,,,,,FALSE,,,,,,FALSE,,,615182,1139003,7,WarmLine.org,,,,,FALSE,FALSE,FALSE,,,,,,,1138714,6864
,1438,* 2026 Crisis Plan,,0,FALSE,70396,* 2026 Crisis Plan,Emotional Fire Safety Plan,2,70395,3,1,,0,FALSE,,70381,615332,15,CB,<b>My Crisis Resources</b> (put contacts in phone and practice calling/texting),FALSE,FALSE,0,FALSE,,,,FALSE,FALSE,FALSE,,L,TRUE,1,15,0,FALSE,FALSE,FALSE,,,,,,,,,,,FALSE,,,,,,FALSE,,,615182,1139004,8,Trevor Lifeline (LGBT youth) 1-866-488-7386,,,,,FALSE,FALSE,FALSE,,,,,,,1138715,6864
,1438,* 2026 Crisis Plan,,0,FALSE,70396,* 2026 Crisis Plan,Emotional Fire Safety Plan,2,70395,3,1,,0,FALSE,,70381,615332,15,CB,<b>My Crisis Resources</b> (put contacts in phone and practice calling/texting),FALSE,FALSE,0,FALSE,,,,FALSE,FALSE,FALSE,,L,TRUE,1,15,0,FALSE,FALSE,FALSE,,,,,,,,,,,FALSE,,,,,,FALSE,,,615182,1139005,9,Trans Lifeline (transgender) 1-877-565-8860,,,,,FALSE,FALSE,FALSE,,,,,,,1138716,6864
,1438,* 2026 Crisis Plan,,0,FALSE,70396,* 2026 Crisis Plan,Emotional Fire Safety Plan,2,70395,3,1,,0,FALSE,,70381,615332,15,CB,<b>My Crisis Resources</b> (put contacts in phone and practice calling/texting),FALSE,FALSE,0,FALSE,,,,FALSE,FALSE,FALSE,,L,TRUE,1,15,0,FALSE,FALSE,FALSE,,,,,,,,,,,FALSE,,,,,,FALSE,,,615182,1139007,10,Something Else / Notes,,,,,TRUE,FALSE,FALSE,,,,,,,1138718,6864
,1438,* 2026 Crisis Plan,,0,FALSE,70396,* 2026 Crisis Plan,Emotional Fire Safety Plan,2,70395,3,1,,0,FALSE,,70381,615332,15,CB,<b>My Crisis Resources</b> (put contacts in phone and practice calling/texting),FALSE,FALSE,0,FALSE,,,,FALSE,FALSE,FALSE,,L,TRUE,1,15,0,FALSE,FALSE,FALSE,,,,,,,,,,,FALSE,,,,,,FALSE,,,615182,1139010,11,TheHotline.org (interpersonal Safety) 800.799.SAFE (7233),,,,,FALSE,FALSE,FALSE,FALSE,,,,,,1138878,6864
,1438,* 2026 Crisis Plan,,0,FALSE,70396,* 2026 Crisis Plan,Emotional Fire Safety Plan,2,70395,3,1,,0,FALSE,,70381,615333,16,LBL,<span class='gr fullw'>FIRE PREVENTION</span>,FALSE,FALSE,0,FALSE,,,,FALSE,FALSE,TRUE,,R,FALSE,0,7,0,FALSE,TRUE,FALSE,,,,,,,,,,,FALSE,,,,,,FALSE,,,615183,,,,,,,,,,,,,,,,,,6864
,1438,* 2026 Crisis Plan,,0,FALSE,70396,* 2026 Crisis Plan,Emotional Fire Safety Plan,2,70395,3,1,,0,FALSE,,70381,615334,17,LBL,<span class='bl'><b>STAFF REMINDER:</b> Lethal-means safety review is a required safety-planning element and must be completed on the SAFE-T. Do not consider this plan complete until that review is documented. Items reviewed there: preferred/accessible methods  suffocation/overdose access  collateral confirmation.</span>,FALSE,FALSE,0,FALSE,,,,FALSE,FALSE,FALSE,,R,FALSE,0,7,0,FALSE,FALSE,FALSE,,,,,,,,,,,FALSE,,,,,,FALSE,,,615238,,,,,,,,,,,,,,,,,,6864
,1438,* 2026 Crisis Plan,,0,FALSE,70396,* 2026 Crisis Plan,Emotional Fire Safety Plan,2,70395,3,1,,0,FALSE,,70381,615335,18,CB,<b>Keeping Myself Safe</b> (address if relevant  as best as possible  as part of collaborative conversation),FALSE,FALSE,1,FALSE,,,,FALSE,FALSE,FALSE,,L,TRUE,1,15,1,FALSE,FALSE,FALSE,,,,,,,,,,,FALSE,,,,,,FALSE,,,615184,1139017,1,Guns locked up w/out key or combo,,,,,FALSE,FALSE,FALSE,,,,,,,1138726,6864
,1438,* 2026 Crisis Plan,,0,FALSE,70396,* 2026 Crisis Plan,Emotional Fire Safety Plan,2,70395,3,1,,0,FALSE,,70381,615335,18,CB,<b>Keeping Myself Safe</b> (address if relevant  as best as possible  as part of collaborative conversation),FALSE,FALSE,1,FALSE,,,,FALSE,FALSE,FALSE,,L,TRUE,1,15,1,FALSE,FALSE,FALSE,,,,,,,,,,,FALSE,,,,,,FALSE,,,615184,1139011,2,Guns stored separate from ammo,,,,,FALSE,FALSE,FALSE,,,,,,,1138720,6864
,1438,* 2026 Crisis Plan,,0,FALSE,70396,* 2026 Crisis Plan,Emotional Fire Safety Plan,2,70395,3,1,,0,FALSE,,70381,615335,18,CB,<b>Keeping Myself Safe</b> (address if relevant  as best as possible  as part of collaborative conversation),FALSE,FALSE,1,FALSE,,,,FALSE,FALSE,FALSE,,L,TRUE,1,15,1,FALSE,FALSE,FALSE,,,,,,,,,,,FALSE,,,,,,FALSE,,,615184,1139012,3,Guns stored outside of home,,,,,FALSE,FALSE,FALSE,,,,,,,1138721,6864
,1438,* 2026 Crisis Plan,,0,FALSE,70396,* 2026 Crisis Plan,Emotional Fire Safety Plan,2,70395,3,1,,0,FALSE,,70381,615335,18,CB,<b>Keeping Myself Safe</b> (address if relevant  as best as possible  as part of collaborative conversation),FALSE,FALSE,1,FALSE,,,,FALSE,FALSE,FALSE,,L,TRUE,1,15,1,FALSE,FALSE,FALSE,,,,,,,,,,,FALSE,,,,,,FALSE,,,615184,1139015,4,Suffocation or overdose thoughts addressed,,,,,TRUE,FALSE,FALSE,,,,,,,1138724,6864
,1438,* 2026 Crisis Plan,,0,FALSE,70396,* 2026 Crisis Plan,Emotional Fire Safety Plan,2,70395,3,1,,0,FALSE,,70381,615335,18,CB,<b>Keeping Myself Safe</b> (address if relevant  as best as possible  as part of collaborative conversation),FALSE,FALSE,1,FALSE,,,,FALSE,FALSE,FALSE,,L,TRUE,1,15,1,FALSE,FALSE,FALSE,,,,,,,,,,,FALSE,,,,,,FALSE,,,615184,1139016,5,Preferred suicide methods reviewed and addressed,,,,,TRUE,FALSE,FALSE,,,,,,,1138725,6864
,1438,* 2026 Crisis Plan,,0,FALSE,70396,* 2026 Crisis Plan,Emotional Fire Safety Plan,2,70395,3,1,,0,FALSE,,70381,615335,18,CB,<b>Keeping Myself Safe</b> (address if relevant  as best as possible  as part of collaborative conversation),FALSE,FALSE,1,FALSE,,,,FALSE,FALSE,FALSE,,L,TRUE,1,15,1,FALSE,FALSE,FALSE,,,,,,,,,,,FALSE,,,,,,FALSE,,,615184,1139018,6,Remove alcohol and opioids from home,,,,,FALSE,FALSE,FALSE,,,,,,,1138727,6864
,1438,* 2026 Crisis Plan,,0,FALSE,70396,* 2026 Crisis Plan,Emotional Fire Safety Plan,2,70395,3,1,,0,FALSE,,70381,615335,18,CB,<b>Keeping Myself Safe</b> (address if relevant  as best as possible  as part of collaborative conversation),FALSE,FALSE,1,FALSE,,,,FALSE,FALSE,FALSE,,L,TRUE,1,15,1,FALSE,FALSE,FALSE,,,,,,,,,,,FALSE,,,,,,FALSE,,,615184,1139019,7,No one with or using opioids allowed in home,,,,,FALSE,FALSE,FALSE,,,,,,,1138728,6864
,1438,* 2026 Crisis Plan,,0,FALSE,70396,* 2026 Crisis Plan,Emotional Fire Safety Plan,2,70395,3,1,,0,FALSE,,70381,615335,18,CB,<b>Keeping Myself Safe</b> (address if relevant  as best as possible  as part of collaborative conversation),FALSE,FALSE,1,FALSE,,,,FALSE,FALSE,FALSE,,L,TRUE,1,15,1,FALSE,FALSE,FALSE,,,,,,,,,,,FALSE,,,,,,FALSE,,,615184,1139020,8,Remove or store prescription medications safely,,,,,FALSE,FALSE,FALSE,,,,,,,1138729,6864
,1438,* 2026 Crisis Plan,,0,FALSE,70396,* 2026 Crisis Plan,Emotional Fire Safety Plan,2,70395,3,1,,0,FALSE,,70381,615335,18,CB,<b>Keeping Myself Safe</b> (address if relevant  as best as possible  as part of collaborative conversation),FALSE,FALSE,1,FALSE,,,,FALSE,FALSE,FALSE,,L,TRUE,1,15,1,FALSE,FALSE,FALSE,,,,,,,,,,,FALSE,,,,,,FALSE,,,615184,1139013,9,A-Team supports these safety steps,,,,,FALSE,FALSE,FALSE,,,,,,,1138722,6864
,1438,* 2026 Crisis Plan,,0,FALSE,70396,* 2026 Crisis Plan,Emotional Fire Safety Plan,2,70395,3,1,,0,FALSE,,70381,615335,18,CB,<b>Keeping Myself Safe</b> (address if relevant  as best as possible  as part of collaborative conversation),FALSE,FALSE,1,FALSE,,,,FALSE,FALSE,FALSE,,L,TRUE,1,15,1,FALSE,FALSE,FALSE,,,,,,,,,,,FALSE,,,,,,FALSE,,,615184,1139014,10,Confirm steps with another person,,,,,FALSE,FALSE,FALSE,,,,,,,1138723,6864
,1438,* 2026 Crisis Plan,,0,FALSE,70396,* 2026 Crisis Plan,Emotional Fire Safety Plan,2,70395,3,1,,0,FALSE,,70381,615335,18,CB,<b>Keeping Myself Safe</b> (address if relevant  as best as possible  as part of collaborative conversation),FALSE,FALSE,1,FALSE,,,,FALSE,FALSE,FALSE,,L,TRUE,1,15,1,FALSE,FALSE,FALSE,,,,,,,,,,,FALSE,,,,,,FALSE,,,615184,1139022,11,Remove or store other items with potential for harm,,,,,FALSE,FALSE,FALSE,FALSE,,,,,,1138833,6864
,1438,* 2026 Crisis Plan,,0,FALSE,70396,* 2026 Crisis Plan,Emotional Fire Safety Plan,2,70395,3,1,,0,FALSE,,70381,615335,18,CB,<b>Keeping Myself Safe</b> (address if relevant  as best as possible  as part of collaborative conversation),FALSE,FALSE,1,FALSE,,,,FALSE,FALSE,FALSE,,L,TRUE,1,15,1,FALSE,FALSE,FALSE,,,,,,,,,,,FALSE,,,,,,FALSE,,,615184,1139021,12,Something Else / Notes,,,,,TRUE,FALSE,FALSE,,,,,,,1138730,6864
,1438,* 2026 Crisis Plan,,0,FALSE,70396,* 2026 Crisis Plan,Emotional Fire Safety Plan,2,70395,3,1,,0,FALSE,,70381,615336,19,TXT,The reason(s) I want to live and/or the reason(s) not act on these thoughts or urges,FALSE,FALSE,0,FALSE,,,,FALSE,FALSE,FALSE,,R,TRUE,1,12,1,FALSE,TRUE,FALSE,TXT,,,500,140,,2,,,,FALSE,,,,,,FALSE,,,615185,,,,,,,,,,,,,,,,,,6864
,1438,* 2026 Crisis Plan,,0,FALSE,70396,* 2026 Crisis Plan,Emotional Fire Safety Plan,2,70395,3,1,,0,FALSE,,70381,615337,20,TXT,<b>Visible reminder</b> (e.g.  note to self or photo of loved one: phone background  gun case  med cabinet  car dashboard  wallet even after crisis has passed) ,FALSE,FALSE,0,FALSE,,,,FALSE,FALSE,FALSE,,R,TRUE,1,12,1,FALSE,FALSE,FALSE,TXT,,,500,250,,,,,,FALSE,,,,,,FALSE,,,615186,,,,,,,,,,,,,,,,,,6864
,1438,* 2026 Crisis Plan,,0,FALSE,70396,* 2026 Crisis Plan,Emotional Fire Safety Plan,2,70395,3,1,,0,FALSE,,70381,615338,21,TXT,<b>Building a Life Worth Living</b> Small step: I can put energy into the things that keep me alive ,FALSE,FALSE,0,FALSE,,,,FALSE,FALSE,FALSE,,R,TRUE,1,12,1,FALSE,FALSE,FALSE,TXT,,,500,250,,,,,,FALSE,,,,,,FALSE,,,615187,,,,,,,,,,,,,,,,,,6864
,1438,* 2026 Crisis Plan,,0,FALSE,70396,* 2026 Crisis Plan,Emotional Fire Safety Plan,2,70395,3,1,,0,FALSE,,70381,615339,22,TXT,The #1 thing leading to overwhelming thoughts or urges,FALSE,FALSE,0,FALSE,,,,FALSE,FALSE,FALSE,,R,TRUE,1,12,1,FALSE,TRUE,FALSE,TXT,,,500,250,,,,,,FALSE,,,,,,FALSE,,,615188,,,,,,,,,,,,,,,,,,6864
,1438,* 2026 Crisis Plan,,0,FALSE,70396,* 2026 Crisis Plan,Emotional Fire Safety Plan,2,70395,3,1,,0,FALSE,,70381,615340,23,TXT,<b>Addressing Pain and Problems</b> Small Step: I can try to address one thing that make me feel hopeless,FALSE,FALSE,0,FALSE,,,,FALSE,FALSE,FALSE,,R,TRUE,1,12,1,FALSE,FALSE,FALSE,TXT,,,500,250,,,,,,FALSE,,,,,,FALSE,,,615189,,,,,,,,,,,,,,,,,,6864
,1438,* 2026 Crisis Plan,,0,FALSE,70396,* 2026 Crisis Plan,Emotional Fire Safety Plan,2,70395,3,1,,0,FALSE,,70381,615341,24,LBL,<u>Create an A-Team</u>,FALSE,FALSE,0,FALSE,,,,FALSE,FALSE,TRUE,,R,FALSE,0,7,0,FALSE,TRUE,FALSE,,,,,,,,,,,FALSE,,,,,,FALSE,,,615190,,,,,,,,,,,,,,,,,,6864
,1438,* 2026 Crisis Plan,,0,FALSE,70396,* 2026 Crisis Plan,Emotional Fire Safety Plan,2,70395,3,1,,0,FALSE,,70381,615342,25,TXT,<b>My Safe Places</b> (places I can go to feel calmer or distracted - a coffee shop  the gym  outside  a friend's house),FALSE,FALSE,0,FALSE,,,,FALSE,FALSE,FALSE,,R,TRUE,1,1,1,FALSE,FALSE,FALSE,TXT,,,500,250,,1,,,,FALSE,,,,,,FALSE,,,615239,,,,,,,,,,,,,,,,,,6864
,1438,* 2026 Crisis Plan,,0,FALSE,70396,* 2026 Crisis Plan,Emotional Fire Safety Plan,2,70395,3,1,,0,FALSE,,70381,615343,26,TXT,<b>My Fire Extinguishers</b> (people who can distract me - don't need to give details of thoughts/urges),FALSE,FALSE,0,FALSE,,,,FALSE,FALSE,FALSE,,R,TRUE,1,1,0,FALSE,FALSE,FALSE,TXT,,,500,250,,1,,,,FALSE,,,,,,FALSE,,,615191,,,,,,,,,,,,,,,,,,6864
,1438,* 2026 Crisis Plan,,0,FALSE,70396,* 2026 Crisis Plan,Emotional Fire Safety Plan,2,70395,3,1,,0,FALSE,,70381,615344,27,TXT,<b>My Firefighters</b> (people I can talk to about suicide  drug or alcohol or mental health struggles),FALSE,FALSE,0,FALSE,,,,FALSE,FALSE,FALSE,,R,TRUE,1,1,0,FALSE,FALSE,FALSE,TXT,,,500,250,,1,,,,FALSE,,,,,,FALSE,,,615192,,,,,,,,,,,,,,,,,,6864
,1438,* 2026 Crisis Plan,,0,FALSE,70396,* 2026 Crisis Plan,Emotional Fire Safety Plan,2,70395,3,1,,0,FALSE,,70381,615345,28,LBL,<span class='ye'><b>Fire Prevention Steps:</b><br> Message or call A-Team members  individually or as a group to let them know they are A-Team.<br>Discuss in advance what would be helpful in crisis (“I believe in you ” support this plan  just listen  hospitalization or not)<br> Decide how to ask for help effectively (be willing to take help  try to communicate before a crisis)</span>,FALSE,FALSE,0,FALSE,,,,FALSE,FALSE,FALSE,,R,FALSE,15,7,0,FALSE,FALSE,FALSE,,,,,,,,,,,FALSE,,,,,,FALSE,,,615193,,,,,,,,,,,,,,,,,,6864
,1438,* 2026 Crisis Plan,,0,FALSE,70396,* 2026 Crisis Plan,Emotional Fire Safety Plan,2,70395,3,1,,0,FALSE,,70381,615346,29,CB,<b>Watch Out for These</b> (Warning Signs),FALSE,FALSE,0,FALSE,,,,FALSE,FALSE,FALSE,,L,TRUE,1,1,0,FALSE,FALSE,FALSE,,,,,,,,,,,FALSE,,,,,,FALSE,,,615194,1139023,1,Not sleeping,,,,,FALSE,FALSE,FALSE,,,,,,,1138731,6864
,1438,* 2026 Crisis Plan,,0,FALSE,70396,* 2026 Crisis Plan,Emotional Fire Safety Plan,2,70395,3,1,,0,FALSE,,70381,615346,29,CB,<b>Watch Out for These</b> (Warning Signs),FALSE,FALSE,0,FALSE,,,,FALSE,FALSE,FALSE,,L,TRUE,1,1,0,FALSE,FALSE,FALSE,,,,,,,,,,,FALSE,,,,,,FALSE,,,615194,1139024,2,Feeling really anxious or irritable,,,,,FALSE,FALSE,FALSE,,,,,,,1138732,6864
,1438,* 2026 Crisis Plan,,0,FALSE,70396,* 2026 Crisis Plan,Emotional Fire Safety Plan,2,70395,3,1,,0,FALSE,,70381,615346,29,CB,<b>Watch Out for These</b> (Warning Signs),FALSE,FALSE,0,FALSE,,,,FALSE,FALSE,FALSE,,L,TRUE,1,1,0,FALSE,FALSE,FALSE,,,,,,,,,,,FALSE,,,,,,FALSE,,,615194,1139025,3,Increased alcohol or drug use or relapse,,,,,FALSE,FALSE,FALSE,,,,,,,1138733,6864
,1438,* 2026 Crisis Plan,,0,FALSE,70396,* 2026 Crisis Plan,Emotional Fire Safety Plan,2,70395,3,1,,0,FALSE,,70381,615346,29,CB,<b>Watch Out for These</b> (Warning Signs),FALSE,FALSE,0,FALSE,,,,FALSE,FALSE,FALSE,,L,TRUE,1,1,0,FALSE,FALSE,FALSE,,,,,,,,,,,FALSE,,,,,,FALSE,,,615194,1139026,4,Being in frustrating and painful situations,,,,,FALSE,FALSE,FALSE,,,,,,,1138734,6864
,1438,* 2026 Crisis Plan,,0,FALSE,70396,* 2026 Crisis Plan,Emotional Fire Safety Plan,2,70395,3,1,,0,FALSE,,70381,615346,29,CB,<b>Watch Out for These</b> (Warning Signs),FALSE,FALSE,0,FALSE,,,,FALSE,FALSE,FALSE,,L,TRUE,1,1,0,FALSE,FALSE,FALSE,,,,,,,,,,,FALSE,,,,,,FALSE,,,615194,1139027,5,Stop taking medication without support,,,,,FALSE,FALSE,FALSE,,,,,,,1138735,6864
,1438,* 2026 Crisis Plan,,0,FALSE,70396,* 2026 Crisis Plan,Emotional Fire Safety Plan,2,70395,3,1,,0,FALSE,,70381,615346,29,CB,<b>Watch Out for These</b> (Warning Signs),FALSE,FALSE,0,FALSE,,,,FALSE,FALSE,FALSE,,L,TRUE,1,1,0,FALSE,FALSE,FALSE,,,,,,,,,,,FALSE,,,,,,FALSE,,,615194,1139028,6,Avoiding calls or messages,,,,,FALSE,FALSE,FALSE,,,,,,,1138736,6864
,1438,* 2026 Crisis Plan,,0,FALSE,70396,* 2026 Crisis Plan,Emotional Fire Safety Plan,2,70395,3,1,,0,FALSE,,70381,615346,29,CB,<b>Watch Out for These</b> (Warning Signs),FALSE,FALSE,0,FALSE,,,,FALSE,FALSE,FALSE,,L,TRUE,1,1,0,FALSE,FALSE,FALSE,,,,,,,,,,,FALSE,,,,,,FALSE,,,615194,1139029,7,Distressing thoughts or images,,,,,FALSE,FALSE,FALSE,FALSE,,,,,,1138737,6864
,1438,* 2026 Crisis Plan,,0,FALSE,70396,* 2026 Crisis Plan,Emotional Fire Safety Plan,2,70395,3,1,,0,FALSE,,70381,615346,29,CB,<b>Watch Out for These</b> (Warning Signs),FALSE,FALSE,0,FALSE,,,,FALSE,FALSE,FALSE,,L,TRUE,1,1,0,FALSE,FALSE,FALSE,,,,,,,,,,,FALSE,,,,,,FALSE,,,615194,1139030,8,Something Else / Notes,,,,,TRUE,FALSE,FALSE,,,,,,,1138738,6864
,1438,* 2026 Crisis Plan,,0,FALSE,70396,* 2026 Crisis Plan,Emotional Fire Safety Plan,2,70395,3,1,,0,FALSE,,70381,615347,30,CB,<b>Things I’d Be Willing to Try</b> (Action Plan),FALSE,FALSE,0,FALSE,,,,FALSE,FALSE,FALSE,,L,TRUE,1,1,0,FALSE,FALSE,FALSE,,,,,,,,,,,FALSE,,,,,,FALSE,,,615195,1139031,1,Regular sleep for a week (8 hours nightly),,,,,FALSE,FALSE,FALSE,,,,,,,1138739,6864
,1438,* 2026 Crisis Plan,,0,FALSE,70396,* 2026 Crisis Plan,Emotional Fire Safety Plan,2,70395,3,1,,0,FALSE,,70381,615347,30,CB,<b>Things I’d Be Willing to Try</b> (Action Plan),FALSE,FALSE,0,FALSE,,,,FALSE,FALSE,FALSE,,L,TRUE,1,1,0,FALSE,FALSE,FALSE,,,,,,,,,,,FALSE,,,,,,FALSE,,,615195,1139032,2,Validate yourself  my emotions make sense,,,,,FALSE,FALSE,FALSE,,,,,,,1138740,6864
,1438,* 2026 Crisis Plan,,0,FALSE,70396,* 2026 Crisis Plan,Emotional Fire Safety Plan,2,70395,3,1,,0,FALSE,,70381,615347,30,CB,<b>Things I’d Be Willing to Try</b> (Action Plan),FALSE,FALSE,0,FALSE,,,,FALSE,FALSE,FALSE,,L,TRUE,1,1,0,FALSE,FALSE,FALSE,,,,,,,,,,,FALSE,,,,,,FALSE,,,615195,1139033,3,Talk to someone in recovery,,,,,FALSE,FALSE,FALSE,,,,,,,1138741,6864
,1438,* 2026 Crisis Plan,,0,FALSE,70396,* 2026 Crisis Plan,Emotional Fire Safety Plan,2,70395,3,1,,0,FALSE,,70381,615347,30,CB,<b>Things I’d Be Willing to Try</b> (Action Plan),FALSE,FALSE,0,FALSE,,,,FALSE,FALSE,FALSE,,L,TRUE,1,1,0,FALSE,FALSE,FALSE,,,,,,,,,,,FALSE,,,,,,FALSE,,,615195,1139034,4, Make plans to get out of these situations,,,,,FALSE,FALSE,FALSE,,,,,,,1138742,6864
,1438,* 2026 Crisis Plan,,0,FALSE,70396,* 2026 Crisis Plan,Emotional Fire Safety Plan,2,70395,3,1,,0,FALSE,,70381,615347,30,CB,<b>Things I’d Be Willing to Try</b> (Action Plan),FALSE,FALSE,0,FALSE,,,,FALSE,FALSE,FALSE,,L,TRUE,1,1,0,FALSE,FALSE,FALSE,,,,,,,,,,,FALSE,,,,,,FALSE,,,615195,1139035,5,Go to scheduled appointments or schedule one,,,,,FALSE,FALSE,FALSE,,,,,,,1138743,6864
,1438,* 2026 Crisis Plan,,0,FALSE,70396,* 2026 Crisis Plan,Emotional Fire Safety Plan,2,70395,3,1,,0,FALSE,,70381,615347,30,CB,<b>Things I’d Be Willing to Try</b> (Action Plan),FALSE,FALSE,0,FALSE,,,,FALSE,FALSE,FALSE,,L,TRUE,1,1,0,FALSE,FALSE,FALSE,,,,,,,,,,,FALSE,,,,,,FALSE,,,615195,1139036,6,Message an A-Team member a caring message,,,,,FALSE,FALSE,FALSE,,,,,,,1138744,6864
,1438,* 2026 Crisis Plan,,0,FALSE,70396,* 2026 Crisis Plan,Emotional Fire Safety Plan,2,70395,3,1,,0,FALSE,,70381,615347,30,CB,<b>Things I’d Be Willing to Try</b> (Action Plan),FALSE,FALSE,0,FALSE,,,,FALSE,FALSE,FALSE,,L,TRUE,1,1,0,FALSE,FALSE,FALSE,,,,,,,,,,,FALSE,,,,,,FALSE,,,615195,1139037,7,Something Else / Notes,,,,,TRUE,FALSE,FALSE,,,,,,,1138745,6864
,1438,* 2026 Crisis Plan,,0,FALSE,70396,* 2026 Crisis Plan,Emotional Fire Safety Plan,2,70395,3,1,,0,FALSE,,70381,615348,31,LBL,<u>Where I'll Keep This Plan to Access During a Crisis</u>,FALSE,FALSE,0,FALSE,,,,FALSE,FALSE,TRUE,,R,FALSE,1,7,0,FALSE,TRUE,FALSE,,,,,,,,,,,FALSE,,,,,,FALSE,,,615196,,,,,,,,,,,,,,,,,,6864
,1438,* 2026 Crisis Plan,,0,FALSE,70396,* 2026 Crisis Plan,Emotional Fire Safety Plan,2,70395,3,1,,0,FALSE,,70381,615349,32,CB,Digital Copy:,FALSE,FALSE,0,FALSE,,,,FALSE,FALSE,FALSE,,L,TRUE,1,15,0,FALSE,TRUE,FALSE,,,,,,,,,,,FALSE,,,,,,FALSE,,,615197,1139038,1,Phone (photos),,,,,FALSE,FALSE,FALSE,,,,,,,1138746,6864
,1438,* 2026 Crisis Plan,,0,FALSE,70396,* 2026 Crisis Plan,Emotional Fire Safety Plan,2,70395,3,1,,0,FALSE,,70381,615349,32,CB,Digital Copy:,FALSE,FALSE,0,FALSE,,,,FALSE,FALSE,FALSE,,L,TRUE,1,15,0,FALSE,TRUE,FALSE,,,,,,,,,,,FALSE,,,,,,FALSE,,,615197,1139039,2,Notes App,,,,,FALSE,FALSE,FALSE,,,,,,,1138747,6864
,1438,* 2026 Crisis Plan,,0,FALSE,70396,* 2026 Crisis Plan,Emotional Fire Safety Plan,2,70395,3,1,,0,FALSE,,70381,615349,32,CB,Digital Copy:,FALSE,FALSE,0,FALSE,,,,FALSE,FALSE,FALSE,,L,TRUE,1,15,0,FALSE,TRUE,FALSE,,,,,,,,,,,FALSE,,,,,,FALSE,,,615197,1139040,3,Email to self,,,,,FALSE,FALSE,FALSE,,,,,,,1138748,6864
,1438,* 2026 Crisis Plan,,0,FALSE,70396,* 2026 Crisis Plan,Emotional Fire Safety Plan,2,70395,3,1,,0,FALSE,,70381,615349,32,CB,Digital Copy:,FALSE,FALSE,0,FALSE,,,,FALSE,FALSE,FALSE,,L,TRUE,1,15,0,FALSE,TRUE,FALSE,,,,,,,,,,,FALSE,,,,,,FALSE,,,615197,1139041,4,Other,,,,,FALSE,FALSE,FALSE,,,,,,,1138749,6864
,1438,* 2026 Crisis Plan,,0,FALSE,70396,* 2026 Crisis Plan,Emotional Fire Safety Plan,2,70395,3,1,,0,FALSE,,70381,615350,33,CB,Physical Copy:,FALSE,FALSE,0,FALSE,,,,FALSE,FALSE,FALSE,,L,TRUE,1,15,0,FALSE,TRUE,FALSE,,,,,,,,,,,FALSE,,,,,,FALSE,,,615198,1139042,1,Wallet/Purse/Bag,,,,,FALSE,FALSE,FALSE,,,,,,,1138750,6864
,1438,* 2026 Crisis Plan,,0,FALSE,70396,* 2026 Crisis Plan,Emotional Fire Safety Plan,2,70395,3,1,,0,FALSE,,70381,615350,33,CB,Physical Copy:,FALSE,FALSE,0,FALSE,,,,FALSE,FALSE,FALSE,,L,TRUE,1,15,0,FALSE,TRUE,FALSE,,,,,,,,,,,FALSE,,,,,,FALSE,,,615198,1139043,2,Bedside Table,,,,,FALSE,FALSE,FALSE,,,,,,,1138751,6864
,1438,* 2026 Crisis Plan,,0,FALSE,70396,* 2026 Crisis Plan,Emotional Fire Safety Plan,2,70395,3,1,,0,FALSE,,70381,615350,33,CB,Physical Copy:,FALSE,FALSE,0,FALSE,,,,FALSE,FALSE,FALSE,,L,TRUE,1,15,0,FALSE,TRUE,FALSE,,,,,,,,,,,FALSE,,,,,,FALSE,,,615198,1139044,3,Kitchen,,,,,FALSE,FALSE,FALSE,,,,,,,1138752,6864
,1438,* 2026 Crisis Plan,,0,FALSE,70396,* 2026 Crisis Plan,Emotional Fire Safety Plan,2,70395,3,1,,0,FALSE,,70381,615350,33,CB,Physical Copy:,FALSE,FALSE,0,FALSE,,,,FALSE,FALSE,FALSE,,L,TRUE,1,15,0,FALSE,TRUE,FALSE,,,,,,,,,,,FALSE,,,,,,FALSE,,,615198,1139045,4,Car,,,,,FALSE,FALSE,FALSE,,,,,,,1138753,6864
,1438,* 2026 Crisis Plan,,0,FALSE,70396,* 2026 Crisis Plan,Emotional Fire Safety Plan,2,70395,3,1,,0,FALSE,,70381,615350,33,CB,Physical Copy:,FALSE,FALSE,0,FALSE,,,,FALSE,FALSE,FALSE,,L,TRUE,1,15,0,FALSE,TRUE,FALSE,,,,,,,,,,,FALSE,,,,,,FALSE,,,615198,1139046,5,Other,,,,,FALSE,FALSE,FALSE,,,,,,,1138754,6864
,1438,* 2026 Crisis Plan,,0,FALSE,70396,* 2026 Crisis Plan,Emotional Fire Safety Plan,2,70395,3,1,,0,FALSE,,70381,615351,34,TXT,Share a Copy with,FALSE,FALSE,0,FALSE,,,,FALSE,FALSE,FALSE,,R,FALSE,1,45,0,FALSE,TRUE,FALSE,TXT,,,250,250,,,,,,FALSE,,,,,,FALSE,,,615199,,,,,,,,,,,,,,,,,,6864
,1438,* 2026 Crisis Plan,,0,FALSE,70396,* 2026 Crisis Plan,Emotional Fire Safety Plan,2,70395,3,1,,0,FALSE,,70381,615352,35,TXT,Potential Barriers to Using This Plan,FALSE,FALSE,0,FALSE,,,,FALSE,FALSE,FALSE,,R,TRUE,1,1,0,FALSE,TRUE,FALSE,TXT,,,500,250,,2,,,,FALSE,,,,,,FALSE,,,615200,,,,,,,,,,,,,,,,,,6864
,1438,* 2026 Crisis Plan,,0,FALSE,70396,* 2026 Crisis Plan,Emotional Fire Safety Plan,2,70395,3,1,,0,FALSE,,70381,615353,36,TXT,How I'll Overcome These Barriers,FALSE,FALSE,0,FALSE,,,,FALSE,FALSE,FALSE,,R,TRUE,1,1,0,FALSE,TRUE,FALSE,TXT,,,500,250,,2,,,,FALSE,,,,,,FALSE,,,615201,,,,,,,,,,,,,,,,,,6864
,1438,* 2026 Crisis Plan,,0,FALSE,70396,* 2026 Crisis Plan,Emotional Fire Safety Plan,2,70395,3,1,,0,FALSE,,70381,615354,37,RB,Copy offered to individual / guardian,FALSE,FALSE,0,FALSE,PRV-COPY,,,FALSE,FALSE,FALSE,,L,TRUE,1,15,0,FALSE,TRUE,FALSE,,,,,,,,,,,FALSE,,,,,,FALSE,,,615202,1139047,1,Accepted,,,,,FALSE,FALSE,FALSE,,,,,,,1138755,6864
,1438,* 2026 Crisis Plan,,0,FALSE,70396,* 2026 Crisis Plan,Emotional Fire Safety Plan,2,70395,3,1,,0,FALSE,,70381,615354,37,RB,Copy offered to individual / guardian,FALSE,FALSE,0,FALSE,PRV-COPY,,,FALSE,FALSE,FALSE,,L,TRUE,1,15,0,FALSE,TRUE,FALSE,,,,,,,,,,,FALSE,,,,,,FALSE,,,615202,1139048,2,Declined,,,,,FALSE,FALSE,FALSE,,,,,,,1138756,6864
,1438,* 2026 Crisis Plan,,0,FALSE,70396,* 2026 Crisis Plan,Emotional Fire Safety Plan,2,70395,3,1,,0,FALSE,,70381,615355,38,LBL,<style>span.re span.or span.ye span.gr span.bl span.in span.vi span.bk span.gy{border:1px solid rgb(var(--sweep));padding:1px 4px;border-radius:3px;display:inline-block}span.re{background-color:#eed7db;--sweep:187 95 111}span.or{background-color:#f9e6d5;--sweep:232 157 86}span.ye{background-color:#fbedbf;--sweep:239 185 0}span.gr{background-color:#d7eedd;--sweep:95 186 119}span.bl{background-color:#daf1f2;--sweep:108 198 203}span.in{background-color:#e1e0ee;--sweep:136 131 186}span.vi{background-color:#c4bed2;color:#3b276a;--sweep:59 39 106;display:block;text-align:center;font-weight:700;width:880px !important}span.bk{background-color:transparent;--sweep:0 0 0}span.gy{background-color:#e9ebee;--sweep:166 175 187;font-style:italic}span.noline{border:0}span.cond{color:#6cc6cb;font-weight:700}span.sm{font-size:.85em}span.tiny{font-size:.65em}span.footnote{color:#a9a9a9;font-size:.8em;font-style:italic}span.alert{animation:2s linear infinite pulse}@keyframes pulse{0 100%{background-color:rgba(var(--sweep) .25)}50%{background-color:rgb(var(--sweep))}}span.shake{animation:3s ease-in-out infinite ring;transform-origin:top center;display:inline-block}@keyframes ring{0 100% 30%{transform:rotate(0)}15% 3% 9%{transform:rotate(5deg)}12% 18% 6%{transform:rotate(-4deg)}21%{transform:rotate(3deg)}24%{transform:rotate(-2deg)}27%{transform:rotate(1deg)}}span.tooltip-hover{position:relative;display:inline-block;cursor:help}span.tooltip-text{visibility:hidden;opacity:0;position:absolute;top:120%;left:0;width:max-content;max-width:80vw;min-width:120px;white-space:normal;background-color:#333;color:#fff;border-radius:3px;padding:10px;box-shadow:0 2px 10px rgba(0 0 0 .2);font-weight:400;font-size:.85em;text-align:left;box-sizing:border-box;transform:translateX(10px);transition:opacity .25s transform .25s cubic-bezier(.4 0 .2 1);z-index:1000;pointer-events:none}span.tooltip-hover:focus-within .tooltip-text span.tooltip-hover:hover .tooltip-text{visibility:visible;opacity:1;transform:translateX(0)}span.tooltip-hover::after{content:'?';display:inline-block;width:14px;height:14px;line-height:14px;margin-left:4px;border-radius:50%;background-color:#9370db;color:#fff;font-size:.75em;font-weight:700;text-align:center;cursor:help;vertical-align:middle}#questions_container table:has(>tbody>tr>td>input[type=checkbox])>tbody{display:block}#questions_container table:has(>tbody>tr>td>input[type=checkbox])>tbody.ext-cb-cols{display:grid}#questions_container table:has(>tbody>tr>td>input[type=checkbox])>tbody>tr{display:flex;align-items:flex-start;gap:6px;break-inside:avoid;-webkit-column-break-inside:avoid;margin-bottom:8px}#questions_container table:has(>tbody>tr>td>input[type=checkbox])>tbody>tr>td{display:block;padding:0}#questions_container table:has(>tbody>tr>td>input[type=checkbox])>tbody>tr>td:first-child{flex:0 0 auto;margin-top:2px}#questions_container table:has(>tbody>tr>td>input[type=checkbox])>tbody>tr>td:last-child{flex:1 1 auto;min-width:0;white-space:normal;line-height:1.25}#questions_container table{width:auto !important;max-width:880px}#questions_container table:has(input.p-push-btn:nth-of-type(3)):not(:has(.fullw)){width:880px !important}#questions_container table:has(input.p-push-btn:nth-of-type(3)):not(:has(.fullw))>tbody>tr>td:first-child{width:1px;white-space:nowrap}#questions_container table:has(.fullw){width:880px !important;max-width:880px !important}#questions_container .fullw{display:block;width:100%;max-width:100%;box-sizing:border-box}#questions_container img[src*='spacer.gif'][height='5'][width='1']{display:block;height:5px;width:0}#questions_container tr:has([data-visibilitycounter='0'])+tr:has(img[src*='spacer.gif'][height='5'][width='1']){display:none}</style>,FALSE,FALSE,0,FALSE,,,,FALSE,FALSE,TRUE,,R,FALSE,1,7,0,FALSE,TRUE,FALSE,,,,,,,,,,,FALSE,,,,,,FALSE,,,615236,,,,,,,,,,,,,,,,,,6864
,1438,* 2026 Crisis Plan,,0,FALSE,70396,* 2026 Crisis Plan,Emotional Fire Safety Plan,2,70395,3,1,,0,FALSE,,70381,615356,39,LBL,<b>   <u>CHBS Crisis Stabilization Center</u><br> </b> 315-520-7802 | <b>Utica</b> | 1002 Oswego Street | 24/7 Crisis Support  Safety Planning  Referrals <br> <br> <b>   <u>Community Health & Behavioral Services</u> </b> <br> <b>Utica</b> | 1002 Oswego Street | <b>Rome</b> | 207 W. Dominick Street | <b>Herkimer</b> 235 N. Prospect Street <br> All offices can be reached Monday - Friday 8:00 am - 4:30 pm at 315-798-8868. <br> <br> <b>   <u>Crisis & Crisis Prevention</u> </b> <br>  <b>STAR Mobile Crisis (Oneida County)</b> | 315-624-7575 or 1-877-624-7575| 24/7 Crisis Support<br> <b>Mobile Crisis Assessment Team (MCAT) (Other Counties)</b> | 315-732-6228 or 1-844-732-6228 | 24/7 Crisis Support  Safety Planning  Local Services <br> <b>Suicide and Crisis Lifeline</b> | Call or text 988 | 24/7 Crisis Support  Safety Planning  Referrals <br> <b>Crisis Text Line</b> | Text 741741 | 24/7 Crisis Support  Safety Planning  Referrals <br> <b>National Warmline</b> | 1-844-976-5463 | Peer Support  'A place to call when you want to talk' <br> <br>  <b> <u>Substance Use / Gambling</u></b> <br> <b>HOPELine</b> | 1-877-846-7369 or text 467369 | 24/7 Substance Use & Gambling Support  Information  Referrals <br> <b>Never Use Alone </b> | 1-877-696-1996 | 24/7 Peer Support  Overdose Prevention <br> <br>  <b> <u>Domestic Violence</u></b> <br> <b>NYS Office for the Prevention of Domestic Violence</b> | 1-800-942-6906 or text 844-997-2121 | 24/7 DV Support <br> <b>National Domestic Violence Hotline</b> | 1-800-799-7233 or text 88788 | thehotline.org | 24/7 DV Support <br> <br> <b>   <u>Veteran Hotlines</u> </b> <br> <b>ROGER Program </b> | 1-833-697-6437 | 24/7 Crisis Support <br> <b>VA Health Connect</b> | 1-800-877-6976 | Connect with essential services & referrals. <br> <br> <b>   <u>Social Services & Shelter</u> </b> <br> Go as early in the morning as you can. DSS can answer any questions about income limits or the shelter vouchering process. <br> <b>Oneida County DSS - Utica</b> | 315-798-5700 | M-F 8:30-4:30 | 800 Park Avenue  Utica <br> <b>Oneida County DSS - Rome</b> | 315-356-6506 | M-F 8:30-4:30 | 300 W. Dominick St  Rome <br> <b>Madison County DSS</b> | 315-366-2211 | M-F 8:00-4:00 | 138 N. Court Street  Wampsville <br> <b>Herkimer County DSS</b> | 315-867-1291 | M-F 8:30-4:30 | 301 N. Washington St #2110  Herkimer <br> <br> <b>   <u>After-Hours Shelter</u> </b> <br> When calling  you may reach a police department. Let them know you need help to find a safe place to sleep and they will get you connected. <br> <b>ICAN Street Outreach</b> | 315-982-1109 | Oneida County <br> <b>Drop In Center </b> | 315-735-1645 | 1013 West Street  Utica <br> <b>Rome Dispatch</b> | 315-880-0300 | 315-880-0300 <br> <b>Herkimer Dispatch</b> | 315-867-5719 <br> <br> <b>   <u>Not finding what you need?</u> </b> <br> Find more hotlines  how-to guides  and agency listings for support with basic needs like food  housing  legal assistance  and more through local listings: <br> <b>CHBS Resource Hub</b> | chbsresourcehub.my.canva.site/chbs-resource-hub-home | Call us at the number below <br> <b>Oneida County System of Care</b> | oneidacountysoc.com | 315-768-3660 <br> <b>NY Connects</b> | nyconnects.ny.gov | 1-800-342-9871 <br> <b>United Way of the Mohawk Valley</b> | 211midyork.org | Call 211 <br> <br>,FALSE,FALSE,0,FALSE,,,,FALSE,FALSE,TRUE,,R,FALSE,1,7,0,FALSE,FALSE,FALSE,,,,,,,,,,,FALSE,,,,,,FALSE,,,615265,,,,,,,,,,,,,,,,,,6864
